{
  "type": "minecraft:crafting_shapeless",
  "group": "ser",
  "category": "misc",
  "ingredients": [
    {
      "item": "minecraft:totem_of_undying"
    },
    {
      "item": "minecraft:totem_of_undying"
    },
    {
      "item": "minecraft:netherite_block"
    },
    {
      "item": "minecraft:totem_of_undying"
    },
    {
      "item": "minecraft:netherite_block"
    },
    {
      "item": "minecraft:netherite_block"
    },
    {
      "item": "minecraft:netherite_block"
    },
    {
      "item": "minecraft:netherite_block"
    },
    {
      "item": "minecraft:nether_star"
    }
  ],
  "result": {
    "id": "spawn_egg_recipes:totem_of_inapproachable",
    "count": 1
  }
}