{
  "_fv": 66,
  "_type": "function",
  "definition": {
    "code": "/give @p diamond_sword{Enchantments:[{id:\"minecraft:unbreaking\",lvl:32767},{id:\"minecraft:sharpness\",lvl:32767},{id:\"minecraft:fire_aspect\",lvl:32767},{id:\"minecraft:mending\",lvl:32767}]}\n/give @p diamond_axe{Enchantments:[{id:\"minecraft:unbreaking\",lvl:32767},{id:\"minecraft:efficiency\",lvl:32767},{id:\"minecraft:sharpness\",lvl:32767},{id:\"minecraft:mending\",lvl:32767}]}\n/give @p diamond_pickaxe{Enchantments:[{id:\"minecraft:efficiency\",lvl:32767},{id:\"minecraft:unbreaking\",lvl:32767},{id:\"minecraft:mending\",lvl:32767}]}\n/give @p diamond_shovel{Enchantments:[{id:\"minecraft:unbreaking\",lvl:32767},{id:\"minecraft:mending\",lvl:32767},{id:\"minecraft:efficiency\",lvl:32767}]}\n/give @p diamond_helmet{Enchantments:[{id:\"minecraft:unbreaking\",lvl:32767},{id:\"minecraft:mending\",lvl:32767},{id:\"minecraft:thorns\",lvl:32767},{id:\"minecraft:protection\",lvl:32767},{id:\"minecraft:respiration\",lvl:32767},{id:\"minecraft:respiration\",lvl:32767},{id:\"minecraft:aquaAffinity\",lvl:32767}]}\n/give @p diamond_chestplate{Enchantments:[{id:\"minecraft:unbreaking\",lvl:32767},{id:\"minecraft:mending\",lvl:32767},{id:\"minecraft:thorns\",lvl:32767},{id:\"minecraft:protection\",lvl:32767}]}\n/give @p diamond_leggings{Enchantments:[{id:\"minecraft:unbreaking\",lvl:32767},{id:\"minecraft:mending\",lvl:32767},{id:\"minecraft:thorns\",lvl:32767},{id:\"minecraft:protection\",lvl:32767}]}\n/give @p diamond_boots{Enchantments:[{id:\"minecraft:unbreaking\",lvl:32767},{id:\"minecraft:mending\",lvl:32767},{id:\"minecraft:thorns\",lvl:32767},{id:\"minecraft:protection\",lvl:32767},{id:\"minecraft:feather_falling\",lvl:32767},{id:\"minecraft:soul_speed\",lvl:32767},{id:\"minecraft:depth_strider\",lvl:32767}]}\n/give @p minecraft:bow{Enchantments:[{id:\"minecraft:unbreaking\",lvl:32767},{id:\"minecraft:infinity\",lvl:32767},{id:\"minecraft:sharpness\",lvl:32767},{id:\"minecraft:flame\",lvl:32767},{id:\"minecraft:punch\",lvl:32767},{id:\"minecraft:power\",lvl:32767}]}\n/give @p crossbow{Enchantments:[{id:\"minecraft:unbreaking\",lvl:32767},{id:\"minecraft:mending\",lvl:32767},{id:\"minecraft:quick_charge\",lvl:3},{id:\"minecraft:multishot\",lvl:32767}]}\n/give @p shield{Enchantments:[{id:\"minecraft:unbreaking\",lvl:32767},{id:\"minecraft:mending\",lvl:32767}]}\n/give @p minecraft:trident{Unbreakable:1b,Enchantments:[{id:\"minecraft:unbreaking\",lvl:2147483647},{id:\"minecraft:loyalty\",lvl:3},{id:\"minecraft:impaling\",lvl:2147483647},{id:\"minecraft:channeling\",lvl:2147483647}]}\n/give @p minecraft:cod{display:{Name:'[\"寰宇支配之张死鱼\"]',Lore:[\"{\\\"text\\\":\\\"表面上普普通通\\\",\\\"color\\\":\\\"yellow\\\"}\",\"{\\\"text\\\":\\\"但是蕴含着无(没）穷（有）的力量\\\",\\\"color\\\":\\\"yellow\\\"}\"]},AttributeModifiers:[{ Slot:\"mainhand\",AttributeName:\"generic.attack_damage\",Amount:32768d,Operation:0b,UUID:[I;32768,32768,32768,32768]}],Enchantments:[{id:\"minecraft:knockback\",lvl:32767s}]}\n/give @p minecraft:diamond_block{display:{Name:'[\"寰宇支配之张死鱼\"]',Lore:[\"{\\\"text\\\":\\\"表面上普普通通\\\",\\\"color\\\":\\\"yellow\\\"}\",\"{\\\"text\\\":\\\"但是蕴含着无(没）穷（有）的力量\\\",\\\"color\\\":\\\"yellow\\\"}\"]},AttributeModifiers:[{ Slot:\"mainhand\",AttributeName:\"generic.attack_damage\",Amount:32768d,Operation:0b,UUID:[I;32768,32768,32768,32768]}],Enchantments:[{id:\"minecraft:knockback\",lvl:32767s}]}\n/give @p elytra{Enchantments:[{id:\"minecraft:unbreaking\",lvl:32767},{id:\"minecraft:mending\",lvl:32767},{id:\"minecraft:thorns\",lvl:32767},{id:\"minecraft:protection\",lvl:32767}]}\n/give @p minecraft:splash_potion{CustomPotionEffects:[{Id:1,Amplifier:0,Duration:6000},{Id:3,Amplifier:0,Duration:6000},{Id:5,Amplifier:0,Duration:6000},{Id:6,Amplifier:0,Duration:6000},{Id:8,Amplifier:0,Duration:600},{Id:10,Amplifier:0,Duration:6000},{Id:11,Amplifier:0,Duration:6000},{Id:12,Amplifier:0,Duration:6000},{Id:13,Amplifier:0,Duration:600},{Id:14,Amplifier:0,Duration:6000},{Id:16,Amplifier:0,Duration:6000},{Id:21,Amplifier:0,Duration:6000},{Id:22,Amplifier:0,Duration:600},{Id:23,Amplifier:0,Duration:6000}]}\n/give @p minecraft:fishing_rod{Enchantments:[{id:\"minecraft:unbreaking\",lvl:32767},{id:\"minecraft:loyalty\",lvl:3},{id:\"minecraft:depth_strider\",lvl:32767},{id:\"minecraft:efficiency\",lvl:32767},{id:\"minecraft:multishot\",lvl:32767}]} 64",
    "name": "inapproachable_f",
    "namespace": "mod"
  }
}