{
  "_fv": 66,
  "_type": "potion",
  "definition": {
    "potionName": "Potion of Inapproachability",
    "splashName": "Splash Potion of Inapproachability",
    "lingeringName": "Lingering Potion of Inapproachability",
    "arrowName": "Arrow of Inapproachability",
    "effects": [
      {
        "effect": {
          "value": "CUSTOM:Inapproachable"
        },
        "duration": 3600,
        "amplifier": 0,
        "ambient": false,
        "showParticles": true
      },
      {
        "effect": {
          "value": "STRENGTH"
        },
        "duration": 3600,
        "amplifier": 0,
        "ambient": false,
        "showParticles": true
      },
      {
        "effect": {
          "value": "INVISIBILITY"
        },
        "duration": 3600,
        "amplifier": 0,
        "ambient": false,
        "showParticles": true
      },
      {
        "effect": {
          "value": "WATER_BREATHING"
        },
        "duration": 3600,
        "amplifier": 0,
        "ambient": false,
        "showParticles": true
      },
      {
        "effect": {
          "value": "FIRE_RESISTANCE"
        },
        "duration": 3600,
        "amplifier": 0,
        "ambient": false,
        "showParticles": true
      },
      {
        "effect": {
          "value": "HERO_OF_THE_VILLAGE"
        },
        "duration": 3600,
        "amplifier": 0,
        "ambient": false,
        "showParticles": true
      },
      {
        "effect": {
          "value": "LUCK"
        },
        "duration": 3600,
        "amplifier": 0,
        "ambient": false,
        "showParticles": true
      },
      {
        "effect": {
          "value": "REGENERATION"
        },
        "duration": 3600,
        "amplifier": 0,
        "ambient": false,
        "showParticles": true
      },
      {
        "effect": {
          "value": "CONDUIT_POWER"
        },
        "duration": 3600,
        "amplifier": 0,
        "ambient": false,
        "showParticles": true
      }
    ]
  }
}