{
  "_fv": 66,
  "_type": "recipe",
  "definition": {
    "recipeType": "Brewing",
    "recipeRetstackSize": 1,
    "group": "",
    "cookingBookCategory": "MISC",
    "xpReward": 0.0,
    "cookingTime": 200,
    "craftingBookCategory": "MISC",
    "recipeShapeless": false,
    "brewingInputStack": {
      "value": "POTION:WATER"
    },
    "brewingIngredientStack": {
      "value": "CUSTOM:TotemOfInapproachable"
    },
    "brewingReturnStack": {
      "value": "POTION:CUSTOM:Inapproachability"
    },
    "name": "inapproachable_potion",
    "namespace": "mod"
  }
}