{
  "_fv": 66,
  "_type": "recipe",
  "definition": {
    "recipeType": "Crafting",
    "recipeRetstackSize": 4,
    "group": "ser",
    "cookingBookCategory": "MISC",
    "xpReward": 0.0,
    "cookingTime": 200,
    "craftingBookCategory": "MISC",
    "recipeShapeless": false,
    "recipeSlots": [
      {
        "value": "Items.PORKCHOP"
      },
      {
        "value": "Items.PORKCHOP"
      },
      {
        "value": "Items.CARROT"
      },
      {
        "value": "Items.PORKCHOP"
      },
      {
        "value": "Blocks.DIAMOND_BLOCK"
      },
      {
        "value": "Items.PORKCHOP"
      },
      {
        "value": "Items.CARROT"
      },
      {
        "value": "Items.PORKCHOP"
      },
      {
        "value": "Items.PORKCHOP"
      }
    ],
    "recipeReturnStack": {
      "value": "Items.SPAWN_EGG#90"
    },
    "name": "pig",
    "namespace": "mod"
  }
}